Historic or Notable Place
• Joe LaCavaD-District 1
• Jennifer CampbellD-District 2
• Stephen WhitburnD-District 3
• Henry L. Foster IIID-District 4
• Marni von WilpertD-District 5
• Kent LeeD-District 6
• Raul CampilloD-District 7
• Vivian MorenoD-District 8
• Sean Elo-RiveraD-District 9
• Carl DeMaioR-75th District
• Darshana PatelD-76th District
• Tasha BoernerD-77th District
• Chris WardD-78th District
• LaShae Sharp-CollinsD-79th District
• David AlvarezD-80th District
• Steve PadillaD-18th District
• Catherine BlakespearD-38th District
• Akilah WeberD-39th District
• Brian JonesR-40th District
"^ Official precipitation records for San Diego were kept at the Weather Bureau Office in downtown from October 1850 to December 1859 at the Mission San Diego and from November 1871 to June 1939 and a variety of buildings at downtown, and at San Diego Int'l (Lindbergh Field) since July 1939.[86] Temperature records, however, only date from October 1874. For more information on data coverage, see ThreadEx"
North Park
Marina district
List of San Diego Historic Landmarks
"National Register of Historic Places listings in San Diego County, California"
"^ ""California Cities by Incorporation Date"". California Association of Local Agency Formation Commissions. Archived from the original (Word) on November 3, 2014. Retrieved August 25, 2014."
"^ McGrew, Clarence Alan (1922). City of San Diego and San Diego County: the birthplace of California. American Historical Society. Retrieved July 23, 2011."
"^ ""San Diego Historical Society"". Sandiegohistory.org. Archived from the original on May 5, 2009. Retrieved March 12, 2011."
"^ ""San Diego Historical Society:Timeline of San Diego history"". Sandiegohistory.org. Archived from the original on December 24, 2015. Retrieved May 4, 2011."
"^ Carrico, Richard. ""Sociopolitical Aspects of the 1775 Revolt at Mission San Diego de Alcala"". San Diego History Center | San Diego, CA | Our City, Our Story. Retrieved August 27, 2020."
"^ ""Keyfacts"". missionscalifornia.com. Archived from the original on June 10, 2010. Retrieved July 1, 2010."
"^ ""Mission San Diego"". Mission San Diego. Archived from the original on May 17, 2010. Retrieved July 1, 2010."
"^ ""National Park Service, National Historical Landmarks Program: San Diego Presidio"". Tps.cr.nps.gov. October 10, 1960. Archived from the original on July 21, 2011. Retrieved May 4, 2011."
"^ Griswold del Castillo, Richard (Winter 2003). ""The U.S.-Mexican War in San Diego, 1846–1847"". San Diego Historical Society Quarterly."
"^ ""City of San Diego website"". Sandiego.gov. Archived from the original on October 11, 2007. Retrieved July 1, 2010."
"^ Basil C. Pearce, ""The Jackass Mail—San Antonio and San Diego Mail Line"", San Diego Historical Society Quarterly, Spring 1969, Volume 15, Number 2"
"^ ""Shady Ladies in the ""Stingaree District"" When The Red Lights Went Out in San Diego"". San Diego History Center. Archived from the original on October 24, 2005. Retrieved March 8, 2011."
"^ ""Balboa Park future is full of repair jobs"". The San Diego Union-Tribune. March 18, 2015. Archived from the original on March 18, 2015. Retrieved August 7, 2018."
"^ ""Historic California Posts: Fort Rosecrans"". California State Military Museum. Archived from the original on July 14, 2007. Retrieved November 26, 2012."
"^ ""Consolidated Aircraft/Convair Online Exhibition"". San Diego Air & Space Museum. Retrieved September 22, 2014."
"^ ""Renowned Visionary Tom Hom Honored At The Gaslamp Quarter's 150th Anniversary Gala!"". gaslamp.org. Gaslamp Quarter Association. November 2017. Archived from the original on November 17, 2017. Retrieved May 16, 2018.Chinese America, History and Perspectives. Chinese Historical Society of America. 1998. p. 70. ISBN 9781885864055."
"^ ""Tecolote Canyon Natural Park & Nature Center"". The City of San Diego. Retrieved April 22, 2009."
"^ ""Marian Bear Memorial Park"". The City of San Diego. Archived from the original on May 5, 2013. Retrieved April 22, 2009."
"^ ""San Diego County Bird Atlas Project"". San Diego Natural History Museum. Retrieved June 20, 2014."
"^ ""CalFire website"". Fire.ca.gov. Archived from the original on July 11, 2010. Retrieved July 1, 2010."
"^ ""One America Plaza"". Emporis.com. Archived from the original on February 23, 2015. Retrieved May 16, 2009."
"^ Bergman, Heather (June 27, 2005). ""San Diego's skyline grows up: residential towers filling some of the missing 'tools' as office projects are nearing completion"". San Diego Business Journal. The Heritage Group. Archived from the original on February 4, 2013. Retrieved August 28, 2012."
"^ a b c Gibson, Campbell; Jung, Kay. ""Historical Census Statistics On Population Totals By Race, 1790 to 1990, and By Hispanic Origin, 1970 to 1990, For Large Cities And Other Urban Places In The United States"". U.S. Census Bureau. Retrieved February 18, 2019."
"^ ""P2: Hispanic or Latino, and Not Hispanic or Latino by Race – 2010: DEC Redistricting Data (PL 94-171) – San Diego city, California"". United States Census Bureau. Retrieved January 26, 2024."
"^ ""P2: Hispanic or Latino, and Not Hispanic or Latino by Race – 2020: DEC Redistricting Data (PL 94-171) – San Diego city, California"". United States Census Bureau. Retrieved January 26, 2024."
"^ ""Homelessness on City of San Diego Streets Drops by 12 Percent in Annual Count"". City of San Diego Official Website. April 28, 2020. Archived from the original on November 2, 2020. Retrieved November 3, 2020."
"^ ""City of San Diego website: Economic Development"". Sandiego.gov. Archived from the original on May 6, 2011. Retrieved April 11, 2011."
"^ Powell, Ronald W. (October 17, 2007). ""Tourism district OK'd by council"". San Diego Union-Tribune. Retrieved April 22, 2009."
"^ ""Novatel website: Corporate headquarters"". Archived from the original on April 17, 2011. Retrieved April 11, 2011."
"^ ""San Diego City website"". Sandiego.gov. Archived from the original on July 20, 2010. Retrieved July 1, 2010."
"^ Rosiak, Luke (July 22, 2013). ""EXography: 19 U.S. cities have proportionately bigger workforces than bankrupted Detroit"". Washington Examiner. District of Columbia. Archived from the original on May 24, 2015. Retrieved May 16, 2015."
"^ ""San Diego City website"". Sandiego.gov. Archived from the original on May 6, 2010. Retrieved July 1, 2010."
"^ ""Registrar of voters: Maps of individual supervisorial districts"". County of San Diego. Retrieved May 31, 2011."
"^ ""Communities of Interest – City"". California Citizens Redistricting Commission. Archived from the original on October 23, 2015. Retrieved September 27, 2014."
"^ ""Communities of Interest — City"". California Citizens Redistricting Commission. Archived from the original on October 23, 2015. Retrieved September 28, 2014."
"^ ""Communities of Interest – City"". California Citizens Redistricting Commission. Archived from the original on September 30, 2013. Retrieved September 27, 2014."
"^ ""San Diego Historical Crime Actuals"" (PDF). 1950–2020. Retrieved December 25, 2020."
"^ ""SDPD Historical Crime Actuals 1950–2006"" (PDF). San Diego Police Department. April 14, 2006. Archived from the original (PDF) on March 25, 2009. Retrieved April 22, 2009."
"^ ""SDPD Historical Crime Rates Per 1,000 Population 1950–2006"" (PDF). San Diego Police Department. April 14, 2006. Archived from the original (PDF) on March 25, 2009. Retrieved April 22, 2009."
"^ ""San Diego Unified School District – Our District"". San Diego Unified School District. Archived from the original on May 14, 2011. Retrieved May 31, 2011."
"^ ""Branch Listing | City of San Diego Official Website"". www.sandiego.gov. Archived from the original on September 3, 2016. Retrieved October 8, 2016."
"^ Hall, Matthew T. (April 12, 2006). ""Budget spares libraries, parks"". San Diego Union-Tribune. Retrieved April 22, 2009."
"^ ""FCC revives local television ownership rules"". Federal Communications Commission. August 5, 1999."
"^ Marshall, David (2007). San Diego's Balboa Park. Postcard History Series. Arcadia Publishing. ISBN 978-0-7385-4754-1."
"^ ""COASTER – NCTD"". North County Transit District. Retrieved September 21, 2013."
"^ ""SPRINTER – NCTD"". North County Transit District. Retrieved September 21, 2013."
"^ ""Water Quality Reports | City of San Diego Official Website"". www.sandiego.gov. 2024. Retrieved July 2, 2025."
Official website
Parks
Balboa Park
Bay Park
"City Heights
Azalea Park
Castle
Cherokee Point
Chollas Creek
Colina del Sol
Corridor
Fairmount Park
Gateway
Bay Ridge
Fairmount Village
Fox Canyon
Hollywood Park
Islenair
Ridgeview
Swan Canyon
Teralta East
Teralta West"
Azalea Park
"Fairmount Park
Gateway
Bay Ridge"
Hollywood Park
Lincoln Park
"Logan Heights
Memorial"
Memorial
Mission Bay Park
Mission Beach
Mission Hills
"Mission Valley
Mission Valley East
Civita
Mission Valley West
Hotel Circle"
"Mission Valley East
Civita"
"Mission Valley West
Hotel Circle"
"North Park
Altadena
Burlingame
Montclair"
Oak Park
"Rolando
Rolando Park
Rolando Village"
Rolando Park
South Park
Valencia Park
Mission Bay
Cabrillo Monument
"Government
Capitol
districts
governor
legislature
Supreme Court"
districts
National Historic Landmarks
National Natural Landmarks
"Protected areas
state parks
state historic landmarks"
state parks
state historic landmarks
Spanish mission settlements in North America
"Text is available under the Creative Commons Attribution-ShareAlike 4.0 License;
additional terms may apply. By using this site, you agree to the Terms of Use and Privacy Policy. Wikipedia® is a registered trademark of the Wikimedia Foundation, Inc., a non-profit organization."
